{
	"credit": "Made with Blockbench",
	"parent": "item/handheld",
	"textures": {
		"0": "item/sword21",
		"particle": "item/sword21",
		"layer0": "item/sword21"
	},
	"display": {
		"thirdperson_righthand": {
			"rotation": [84.82, -81.07, 128.98],
			"translation": [-0.75, 5.5, 3.25]
		},
		"thirdperson_lefthand": {
			"rotation": [30.72, 88.32, -65.22],
			"translation": [0, 5.25, 3.5]
		},
		"firstperson_righthand": {
			"rotation": [-12.46, -85.95, 22.34],
			"translation": [-1, 3.5, 0]
		},
		"firstperson_lefthand": {
			"rotation": [153.97, 89.24, 168.82],
			"translation": [-0.25, 3.75, 0]
		},
		"fixed": {
			"scale": [1, 1, 1.75]
		}
	}
}